Año,Artista,Track
2020,Will Ferrell,Husavik (My Hometown)
2020,Will Ferrell,Jaja Ding Dong
2020,Will Ferrell,Double Trouble - Film Version
2020,Little Big,Skibidi
2020,Little Big,Uno
2020,Little Big,Big Dick
2020,Diodato,Fai rumore
2020,Diodato,Ti muovi
2020,Diodato,Che vita meravigliosa
2020,BEN & TAN,180 Degree
2020,BEN & TAN,내 목소리 들리니
2020,BEN & TAN,Just Like a Dream
2020,The Mamas,California Dreamin'
2020,The Mamas,California Dreamin' - Single Version
2020,The Mamas,Dream A Little Dream Of Me
